Australia Schools Platform,SL Team,
DAI System,SL Team,
Integration Platform,SL Team,
Knewton System,SL Team,
NSNSOC System,SL Team,
Engage System,LH&WES,
Forms 3.0 System,LH&WES,
Lead Intake System,LH&WES,
Sites System,LH&WES,
Student Relationship Platform,LH&WES,
CrossKnowledge System,Professional Learning,
Dummies.com,Professional Learning,
WLS System,Professional Learning,
Mobile System,Education Publishing,
WPNG System,Education Publishing,
WPDC System,Education Publishing,
WEL System,Education Publishing,
WAS System,Education Publishing,
Author Services System,Research,
Author Services System,Research,
Vanadium,Research,
ALM,Professional Learning,
Content Platform System,Professional Learning,
DCM-Alfresco,Professional Learning,
DPL System,Professional Learning,
IM System,Professional Learning,
Vault System,Professional Learning,
VI Builder System,Professional Learning,
XDPS System,Professional Learning,
test,test program